{
  "model_run_id": "exp1_alpha1.0_seed0",
  "n_boot": 2000,
  "n_bins": 10,
  "clinical_threshold_intercept": 0.2,
  "clinical_threshold_slope": 0.2,
  "per_site": [
    {
      "site": 0,
      "label": "Cleveland",
      "n_test": 104,
      "auc": 0.8519345238095237,
      "brier": 0.1540287083548425,
      "calib_intercept": 0.031088485432436,
      "calib_intercept_lo": -0.479757632565312,
      "calib_intercept_hi": 0.5415298426729912,
      "calib_slope": 0.8875983460968557,
      "calib_slope_lo": 0.6325972059272075,
      "calib_slope_hi": 1.3114363770606068,
      "clinically_miscalibrated_intercept": false,
      "clinically_miscalibrated_slope": false,
      "miscalibrated": false,
      "bin_centers": [
        0.05,
        0.15000000000000002,
        0.25,
        0.35000000000000003,
        0.45,
        0.55,
        0.6500000000000001,
        0.75,
        0.8500000000000001,
        0.95
      ],
      "bin_obs": [
        0.125,
        0.2,
        0.125,
        0.2857142857142857,
        0.25,
        0.8888888888888888,
        0.5,
        0.5,
        0.8,
        1.0
      ],
      "bin_lo": [
        0.034976749337057134,
        0.08065635327120002,
        0.022416908863296142,
        0.0822171657090155,
        0.07147768885802763,
        0.5649937852319399,
        0.21521252682444186,
        0.09452865480086614,
        0.49015684672072335,
        0.8063865817272802
      ],
      "bin_hi": [
        0.3602333143674828,
        0.4160217220257599,
        0.47089480576986154,
        0.6410709098517873,
        0.5907301208974108,
        0.9801096286728695,
        0.7847874731755582,
        0.9054713451991339,
        0.9433190520193067,
        1.0
      ],
      "bin_n": [
        16,
        20,
        8,
        7,
        8,
        9,
        8,
        2,
        10,
        16
      ],
      "boot_n_successful": 2000
    },
    {
      "site": 1,
      "label": "Hungary",
      "n_test": 89,
      "auc": 0.8690476190476192,
      "brier": 0.14725796798868646,
      "calib_intercept": -0.6732910525183067,
      "calib_intercept_lo": -1.3064742736776318,
      "calib_intercept_hi": -0.12478436080177199,
      "calib_slope": 0.9414907688163183,
      "calib_slope_lo": 0.6163314043160845,
      "calib_slope_hi": 1.4579163260710337,
      "clinically_miscalibrated_intercept": true,
      "clinically_miscalibrated_slope": false,
      "miscalibrated": true,
      "bin_centers": [
        0.05,
        0.15000000000000002,
        0.25,
        0.35000000000000003,
        0.45,
        0.55,
        0.6500000000000001,
        0.75,
        0.8500000000000001,
        0.95
      ],
      "bin_obs": [
        0.0,
        0.043478260869565216,
        0.125,
        0.25,
        0.36363636363636365,
        0.6,
        0.3333333333333333,
        1.0,
        0.7,
        0.9230769230769231
      ],
      "bin_lo": [
        0.0,
        0.007716466962126731,
        0.022416908863296142,
        0.07147768885802763,
        0.15166223614131386,
        0.23071993220883708,
        0.09676933255921683,
        0.2065432914738929,
        0.39677321997956516,
        0.6668546607175265
      ],
      "bin_hi": [
        0.48990002040399916,
        0.20991586494059145,
        0.47089480576986154,
        0.5907301208974108,
        0.6462032231083628,
        0.8823817688407467,
        0.7000116786584712,
        1.0,
        0.892210712513788,
        0.9862899336203037
      ],
      "bin_n": [
        4,
        23,
        8,
        8,
        11,
        5,
        6,
        1,
        10,
        13
      ],
      "boot_n_successful": 2000
    },
    {
      "site": 2,
      "label": "Long Beach VA",
      "n_test": 16,
      "auc": 0.9333333333333333,
      "brier": 0.2521712925506917,
      "calib_intercept": 3.3923754349190953,
      "calib_intercept_lo": 2.5533238435475583,
      "calib_intercept_hi": 3.5836332152942574,
      "calib_slope": 0.8456308700795674,
      "calib_slope_lo": 0.6596866839189068,
      "calib_slope_hi": 1.4477777664350182,
      "clinically_miscalibrated_intercept": true,
      "clinically_miscalibrated_slope": false,
      "miscalibrated": true,
      "bin_centers": [
        0.05,
        0.15000000000000002,
        0.25,
        0.35000000000000003,
        0.45,
        0.55,
        0.6500000000000001,
        0.75,
        0.8500000000000001,
        0.95
      ],
      "bin_obs": [
        0.6666666666666666,
        NaN,
        1.0,
        NaN,
        1.0,
        1.0,
        1.0,
        1.0,
        1.0,
        NaN
      ],
      "bin_lo": [
        0.20765495512648796,
        NaN,
        0.34237195288961925,
        NaN,
        0.2065432914738929,
        0.34237195288961925,
        0.34237195288961925,
        0.43849391955098227,
        0.43849391955098227,
        NaN
      ],
      "bin_hi": [
        0.9385096847238394,
        NaN,
        1.0,
        NaN,
        1.0,
        1.0,
        1.0,
        1.0,
        1.0,
        NaN
      ],
      "bin_n": [
        3,
        0,
        2,
        0,
        1,
        2,
        2,
        3,
        3,
        0
      ],
      "boot_n_successful": 1300
    },
    {
      "site": 3,
      "label": "Switzerland",
      "n_test": 45,
      "auc": 0.7342857142857143,
      "brier": 0.2813617363484408,
      "calib_intercept": 1.665517082903397,
      "calib_intercept_lo": 0.9038155975423424,
      "calib_intercept_hi": 3.0939935310422517,
      "calib_slope": 0.549013662365157,
      "calib_slope_lo": 0.0934378791232854,
      "calib_slope_hi": 1.2235394834964675,
      "clinically_miscalibrated_intercept": true,
      "clinically_miscalibrated_slope": true,
      "miscalibrated": true,
      "bin_centers": [
        0.05,
        0.15000000000000002,
        0.25,
        0.35000000000000003,
        0.45,
        0.55,
        0.6500000000000001,
        0.75,
        0.8500000000000001,
        0.95
      ],
      "bin_obs": [
        0.5,
        0.5,
        0.8,
        0.75,
        1.0,
        1.0,
        0.8571428571428571,
        1.0,
        0.8,
        NaN
      ],
      "bin_lo": [
        0.18761280689940874,
        0.18761280689940874,
        0.3755282641185388,
        0.3006360524426366,
        0.43849391955098227,
        0.43849391955098227,
        0.4868654966809701,
        0.6096569663469354,
        0.3755282641185388,
        NaN
      ],
      "bin_hi": [
        0.8123871931005913,
        0.8123871931005913,
        0.9637768390302125,
        0.9544139373553637,
        1.0,
        1.0,
        0.9743210440510252,
        0.9999999999999999,
        0.9637768390302125,
        NaN
      ],
      "bin_n": [
        6,
        6,
        5,
        4,
        3,
        3,
        7,
        6,
        5,
        0
      ],
      "boot_n_successful": 2000
    }
  ],
  "pooled": {
    "n_test": 254,
    "auc": 0.8082914416930429,
    "brier": 0.1803974946314473,
    "calib_intercept": 0.25952462231744894,
    "calib_slope": 0.7657167588682091,
    "boot": {
      "intercept_mean": 0.26637320178279966,
      "intercept_lo": -0.02844936304107181,
      "intercept_hi": 0.5723599506426568,
      "slope_mean": 0.7828224020228233,
      "slope_lo": 0.5808572595374524,
      "slope_hi": 1.0203430693159474,
      "n_boot_successful": 2000,
      "n_boot_failed_fit": 0,
      "n_boot_pathological_dropped": 0
    }
  }
}